{
    "sampling_frequency": 24000,
    "segment_duration_sec": 0.202,
    "segment_step_size": 0.5,
    "fft_window_size_bins": 256,
    "fft_window_overlap_bins": 220.5,
    "colormap": "gray",
    "frequency_axis": [
        0.0,
        93.75,
        187.5,
        281.25,
        375.0,
        468.75,
        562.5,
        656.25,
        750.0,
        843.75,
        937.5,
        1031.25,
        1125.0,
        1218.75,
        1312.5,
        1406.25,
        1500.0,
        1593.75,
        1687.5,
        1781.25,
        1875.0,
        1968.75,
        2062.5,
        2156.25,
        2250.0,
        2343.75,
        2437.5,
        2531.25,
        2625.0,
        2718.75,
        2812.5,
        2906.25,
        3000.0,
        3093.75,
        3187.5,
        3281.25,
        3375.0,
        3468.75,
        3562.5,
        3656.25,
        3750.0,
        3843.75,
        3937.5,
        4031.25,
        4125.0,
        4218.75,
        4312.5,
        4406.25,
        4500.0,
        4593.75,
        4687.5,
        4781.25,
        4875.0,
        4968.75,
        5062.5,
        5156.25,
        5250.0,
        5343.75,
        5437.5,
        5531.25,
        5625.0,
        5718.75,
        5812.5,
        5906.25,
        6000.0,
        6093.75,
        6187.5,
        6281.25,
        6375.0,
        6468.75,
        6562.5,
        6656.25,
        6750.0,
        6843.75,
        6937.5,
        7031.25,
        7125.0,
        7218.75,
        7312.5,
        7406.25,
        7500.0,
        7593.75,
        7687.5,
        7781.25,
        7875.0,
        7968.75,
        8062.5,
        8156.25,
        8250.0,
        8343.75,
        8437.5,
        8531.25,
        8625.0,
        8718.75,
        8812.5,
        8906.25,
        9000.0,
        9093.75,
        9187.5,
        9281.25,
        9375.0,
        9468.75,
        9562.5,
        9656.25,
        9750.0,
        9843.75,
        9937.5,
        10031.25,
        10125.0,
        10218.75,
        10312.5,
        10406.25,
        10500.0,
        10593.75,
        10687.5,
        10781.25,
        10875.0,
        10968.75,
        11062.5,
        11156.25,
        11250.0,
        11343.75,
        11437.5,
        11531.25,
        11625.0,
        11718.75,
        11812.5,
        11906.25,
        12000.0
    ],
    "time_axis": [
        0.005333333333333333,
        0.006833333333333334,
        0.008333333333333333,
        0.009833333333333333,
        0.011333333333333334,
        0.012833333333333334,
        0.014333333333333333,
        0.015833333333333335,
        0.017333333333333333,
        0.018833333333333334,
        0.02033333333333333,
        0.021833333333333333,
        0.023333333333333334,
        0.024833333333333332,
        0.026333333333333334,
        0.027833333333333335,
        0.029333333333333333,
        0.030833333333333334,
        0.03233333333333333,
        0.03383333333333333,
        0.035333333333333335,
        0.036833333333333336,
        0.03833333333333333,
        0.03983333333333333,
        0.04133333333333333,
        0.042833333333333334,
        0.044333333333333336,
        0.04583333333333333,
        0.04733333333333333,
        0.04883333333333333,
        0.050333333333333334,
        0.051833333333333335,
        0.05333333333333334,
        0.05483333333333333,
        0.05633333333333333,
        0.057833333333333334,
        0.059333333333333335,
        0.060833333333333336,
        0.06233333333333333,
        0.06383333333333334,
        0.06533333333333333,
        0.06683333333333333,
        0.06833333333333333,
        0.06983333333333333,
        0.07133333333333333,
        0.07283333333333333,
        0.07433333333333333,
        0.07583333333333334,
        0.07733333333333334,
        0.07883333333333334,
        0.08033333333333334,
        0.08183333333333333,
        0.08333333333333333,
        0.08483333333333333,
        0.08633333333333333,
        0.08783333333333333,
        0.08933333333333333,
        0.09083333333333334,
        0.09233333333333334,
        0.09383333333333334,
        0.09533333333333334,
        0.09683333333333333,
        0.09833333333333333,
        0.09983333333333333,
        0.10133333333333333,
        0.10283333333333333,
        0.10433333333333333,
        0.10583333333333333,
        0.10733333333333334,
        0.10883333333333334,
        0.11033333333333334,
        0.11183333333333334,
        0.11333333333333333,
        0.11483333333333333,
        0.11633333333333333,
        0.11783333333333333,
        0.11933333333333333,
        0.12083333333333333,
        0.12233333333333334,
        0.12383333333333334,
        0.12533333333333332,
        0.12683333333333333,
        0.12833333333333333,
        0.12983333333333333,
        0.13133333333333333,
        0.13283333333333333,
        0.13433333333333333,
        0.13583333333333333,
        0.13733333333333334,
        0.13883333333333334,
        0.14033333333333334,
        0.14183333333333334,
        0.14333333333333334,
        0.14483333333333334,
        0.14633333333333334,
        0.14783333333333334,
        0.14933333333333335,
        0.15083333333333335,
        0.15233333333333332,
        0.15383333333333332,
        0.15533333333333332,
        0.15683333333333332,
        0.15833333333333333,
        0.15983333333333333,
        0.16133333333333333,
        0.16283333333333333,
        0.16433333333333333,
        0.16583333333333333,
        0.16733333333333333,
        0.16883333333333334,
        0.17033333333333334,
        0.17183333333333334,
        0.17333333333333334,
        0.17483333333333334,
        0.17633333333333334,
        0.17783333333333334,
        0.17933333333333334,
        0.18083333333333335,
        0.18233333333333332,
        0.18383333333333332,
        0.18533333333333332,
        0.18683333333333332,
        0.18833333333333332,
        0.18983333333333333,
        0.19133333333333333,
        0.19283333333333333,
        0.19433333333333333,
        0.19583333333333333
    ]
}